{
  "type": "GenericCrafter",
  "size": 4,
  "scaledHealth": 50,
  "hasPower": true,
  "hasItems": true,
  "itemCapacity": 30,
  "liquidCapacity": 36,
  "craftTime": 64,
  "craftEffect": "pulverize",
  "updateEffect": "pulverizeSmall",
  "consumes": {
    "power": 6,
    "items": {
      "items": ["coal/15"]
    },
    "liquid": {
      "liquid": "oil",
      "amount": 0.2
    }
  },
  "requirements": [
    "lead/280",
    "graphite/160",
    "titanium/240",
    "silicon/120",
    "plastanium/140"
  ],
  "category": "crafting",
  "research": "multi-press",
  "outputItem": "graphite/12"
}
