{
  "type": "GenericCrafter",
  "size": 4,
  "scaledHealth": 110,
  "drawer": {
    "type": "DrawMulti",
    "drawers": [
      {
        "type": "drawRegion",
        "suffix": "-bottom"
      },
      {
        "type": "DrawWeave"
      },
      {
        "type": "DrawDefault"
      }
    ]
  },
  "hasPower": true,
  "hasItems": true,
  "itemCapacity": 80,
  "liquidCapacity": 96,
  "craftTime": 240,
  "craftEffect": "smeltsmoke",
  "updateEffect": "none",
  "ambientSound": "techloop",
  "ambientSoundVolume": 0.04,
  "consumes": {
    "power": 50,
    "items": {
      "items": ["sand/32", "thorium/24", "silicon/12"]
    },
    "liquid": {
      "liquid": "cryofluid",
      "amount": 0.4
    }
  },
  "requirements": [
    "silicon/600",
    "titanium/560",
    "lead/600",
    "plastanium/480",
    "thorium/480",
    "phase-fabric/320",
    "surge-alloy/280",
    "tita-silicarb/160"
  ],
  "category": "crafting",
  "research": "1a-e-phase-weaver-ii",
  "outputItem": "phase-fabric/12"
}
