{
  "type": "AttributeCrafter",
  "boostScale": 0.1,
  "maxBoost": 1.5,
  "size": 4,
  "scaledHealth": 65,
  "drawer": {
    "type": "DrawMulti",
    "drawers": [
      {
        "type": "DrawDefault"
      },
      {
        "type": "DrawFlame",
        "flameRadius": 4,
        "flameRadiusIn": 2.5,
        "flameRadiusScl": 4,
        "flameRadiusMag": 2,
        "flameRadiusInMag": 1.5
      }
    ]
  },
  "hasPower": true,
  "hasItems": true,
  "itemCapacity": 42,
  "craftTime": 240,
  "craftEffect": "smeltsmoke",
  "updateEffect": "none",
  "consumes": {
    "power": 13,
    "items": {
      "items": [
        "silicon/10",
        "titanium/9",
        "lead/13",
        "copper/14",
        "pyratite/4"
      ]
    }
  },
  "requirements": [
    "silicon/320",
    "titanium/180",
    "lead/300",
    "thorium/240",
    "surge-alloy/160"
  ],
  "category": "crafting",
  "research": "surge-smelter",
  "outputItem": "surge-alloy/5"
}
