{
  "type": "GenericCrafter",
  "size": 4,
  "scaledHealth": 85,
  "drawer": {
    "type": "DrawMulti",
    "drawers": [
      {
        "type": "drawRegion",
        "suffix": "-bottom"
      },
      {
        "type": "DrawLiquidTile",
        "drawLiquid": "water"
      },
      {
        "type": "DrawLiquidTile",
        "drawLiquid": "cryofluid"
      },
      {
        "type": "DrawRegion",
        "suffix": "-spinner",
        "rotateSpeed": 3,
        "spinSprite": true
      },
      {
        "type": "DrawDefault"
      },
      {
        "type": "DrawLiquidOutputs"
      }
    ]
  },
  "hasPower": true,
  "hasItems": true,
  "rotateDraw": false,
  "rotate": true,
  "itemCapacity": 30,
  "liquidCapacity": 216,
  "craftTime": 236,
  "outputsLiquid": true,
  "consumes": {
    "power": 13,
    "items": {
      "items": ["titanium/11", "lead/7"]
    },
    "liquid": {
      "liquid": "water",
      "amount": 1.8
    }
  },
  "requirements": [
    "lead/400",
    "titanium/480",
    "silicon/540",
    "plastanium/360",
    "metaglass/400",
    "surge-alloy/120",
    "tita-silicarb/80"
  ],
  "category": "crafting",
  "research": {
    "parent": "1a-g-cryofluid-mixer-ii",
    "objectives": ["desolateRift"]
  },
  "outputLiquids": ["cryofluid/1.2", "antifreeze/0.5"],
  "liquidOutputDirections": [1, 3]
}
