{
  "type": "GenericCrafter",
  "size": 3,
  "scaledHealth": 50,
  "drawer": {
    "type": "DrawMulti",
    "drawers": [
      {
        "type": "drawRegion",
        "suffix": "-bottom"
      },
      {
        "type": "DrawLiquidTile",
        "drawLiquid": "water"
      },
      {
        "type": "DrawLiquidTile",
        "drawLiquid": "cryofluid"
      },
      {
        "type": "DrawDefault"
      }
    ]
  },
  "hasPower": true,
  "hasItems": true,
  "liquidCapacity": 72,
  "itemCapacity": 20,
  "craftTime": 192,
  "outputsLiquid": true,
  "consumes": {
    "power": 4,
    "items": {
      "items": ["titanium/5"]
    },
    "liquid": {
      "liquid": "water",
      "amount": 0.6
    }
  },
  "requirements": [
    "metaglass/280",
    "titanium/220",
    "silicon/190",
    "plastanium/130"
  ],
  "category": "crafting",
  "research": "cryofluid-mixer",
  "outputLiquid": "cryofluid/0.6"
}
