{
  "type": "GenericCrafter",
  "size": 3,
  "drawer": {
    "type": "DrawMulti",
    "drawers": [
      {
        "type": "DrawDefault"
      },
      {
        "type": "DrawRegion",
        "suffix": "-spinner",
        "rotateSpeed": 2,
        "spinSprite": true
      },
      {
        "type": "DrawRegion",
        "suffix": "-top"
      }
    ]
  },
  "hasPower": true,
  "hasItems": true,
  "liquidCapacity": 18,
  "itemCapacity": 22,
  "craftTime": 90,
  "consumes": {
    "power": 0.72,
    "items": {
      "items": ["sand/11", "lead/8", "coal/7"]
    }
  },
  "requirements": ["lead/180", "titanium/120", "silicon/90", "metaglass/130"],
  "category": "crafting",
  "research": "pyratite-mixer",
  "outputItem": "pyratite/6"
}
