{
  "type": "GenericCrafter",
  "size": 3,
  "scaledHealth": 50,
  "drawer": {
    "type": "DrawMulti",
    "drawers": [
      {
        "type": "DrawDefault"
      },
      {
        "type": "DrawRegion",
        "suffix": "-spinner",
        "rotateSpeed": 3,
        "spinSprite": true
      },
      {
        "type": "DrawRegion",
        "suffix": "-top"
      }
    ]
  },
  "hasPower": true,
  "hasItems": true,
  "liquidCapacity": 24,
  "itemCapacity": 28,
  "craftTime": 90,
  "consumes": {
    "power": 1.64,
    "items": {
      "items": ["pyratite/3", "spore-pod/7"]
    }
  },
  "requirements": [
    "lead/340",
    "titanium/300",
    "silicon/280",
    "metaglass/190",
    "thorium/120"
  ],
  "category": "crafting",
  "research": "blast-mixer",
  "outputItem": "blast-compound/4"
}
