{
  "type": "GenericCrafter",
  "size": 2,
  "drawer": {
    "type": "DrawMulti",
    "drawers": [
      {
        "type": "drawRegion",
        "suffix": "-bottom"
      },
      {
        "type": "DrawLiquidTile",
        "drawLiquid": "slag"
      },
      {
        "type": "DrawDefault"
      }
    ]
  },
  "hasPower": true,
  "hasItems": true,
  "liquidCapacity": 54,
  "itemCapacity": 24,
  "craftTime": 76,
  "consumes": {
    "power": 5,
    "items": {
      "items": ["coal/4", "scrap/6"]
    }
  },
  "requirements": ["lead/120", "copper/100", "titanium/80", "silicon/120"],
  "category": "crafting",
  "research": "melter",
  "outputLiquid": "slag/0.45"
}
