{
  "type": "GenericCrafter",
  "size": 3,
  "scaledHealth": 50,
  "drawer": {
    "type": "DrawMulti",
    "drawers": [
      {
        "type": "drawRegion",
        "suffix": "-bottom"
      },
      {
        "type": "DrawPistons",
        "sinMag": 1,
        "sinScl": 4,
        "sides": 8
      },
      {
        "type": "drawRegion",
        "suffix": "-piston-hide"
      },
      {
        "type": "DrawLiquidRegion",
        "drawLiquid": "oil"
      },
      {
        "type": "DrawDefault"
      }
    ]
  },
  "hasPower": true,
  "hasItems": true,
  "hasLiquids": true,
  "liquidCapacity": 72,
  "itemCapacity": 20,
  "craftTime": 44,
  "outputsLiquid": true,
  "consumes": {
    "power": 3.2,
    "items": {
      "items": ["spore-pod/4"]
    }
  },
  "requirements": [
    "lead/220",
    "titanium/140",
    "metaglass/180",
    "plastanium/40"
  ],
  "category": "crafting",
  "research": "spore-press",
  "outputLiquid": "oil/0.6"
}
