{
  "type": "AttributeCrafter",
  "category": "production",
  "requirements": ["lead/120", "plastanium/60", "silicon/100", "thorium/40"],
  "outputItem": "spore-pod/4",
  "craftTime": 140,
  "size": 3,
  "scaledHealth": 60,
  "liquidCapacity": 70,
  "hasLiquids": true,
  "hasPower": true,
  "hasItems": true,
  "craftEffect": "none",
  "attribute": "spores",
  "maxBoost": 2,
  "itemCapacity": 40,
  "envRequired": 8,
  "consumes": {
    "power": 7.1,
    "liquid": "water/0.72"
  },

  "drawer": {
    "type": "DrawMulti",
    "drawers": [
      {
        "type": "DrawRegion",
        "suffix": "-bottom"
      },
      {
        "type": "DrawLiquidTile",
        "drawLiquid": "water"
      },
      {
        "type": "DrawDefault"
      },
      {
        "type": "DrawCultivator"
      },
      {
        "type": "DrawRegion",
        "suffix": "-top"
      }
    ]
  },
  "research": "cultivator"
}
