{
  "type": "AttributeCrafter",
  "scaledHealth": 60,
  "outputLiquid": "oil/0.36",
  "baseEfficiency": 0.08,
  "drawer": {
    "type": "DrawMulti",
    "drawers": [
      {
        "type": "DrawDefault"
      },
      {
        "type": "DrawLiquidRegion",
        "drawLiquid": "oil"
      },
      {
        "type": "DrawRegion",
        "suffix": "-rotator",
        "rotateSpeed": 4,
        "spinSprite": true
      },
      {
        "type": "DrawRegion",
        "suffix": "-top"
      }
    ]
  },
  "size": 4,
  "requirements": [
    "silicon/320",
    "titanium/240",
    "lead/360",
    "thorium/180",
    "plastanium/200",
    "surge-alloy/120"
  ],
  "hasPower": true,
  "craftTime": 64,
  "hasLiquids": true,
  "hasItems": true,
  "itemCapacity": 20,
  "liquidCapacity": 80,
  "attribute": "oil",
  "boostScale": 0.1225,
  "maxBoost": 1.4,
  "consumes": {
    "power": 8.4,
    "items": {
      "items": [
        "sand/2"
      ]
    },
    "liquid": {
      "liquid": "water",
      "amount": 0.32
    }
  },
  "category": "production",
  "research": "oil-extractor"
}
