{
  "type": "mendProjector",
  "scaledHealth": 110,
  "size": 3,
  "buildCostMultiplier": 2,
  "reload": 134,
  "range": 178,
  "healPercent": 11,
  "itemCapacity": 12,
  "hasPower": true,
  "phaseBoost": 9,
  "useTime": 630,
  "phaseRangeBoost": 72,
  "consumes": {
    "power": 11.3,
    "items": {
      "items": ["silicon/1", "phase-fabric/1"],
      "booster": true,
      "optional": true
    }
  },
  "requirements": [
    "silicon/320",
    "lead/400",
    "graphite/280",
    "plastanium/180",
    "titanium/300",
    "surge-alloy/100"
  ],
  "category": "effect",
  "research": "mend-projector"
}
