{
  "type": "OverdriveProjector",
  "scaledHealth": 90,
  "size": 4,
  "range": 304,
  "itemCapacity": 25,
  "consumes": {
    "power": 39,
    "items": {
      "items": ["silicon/2", "phase-fabric/2", "surge-alloy/2"],
      "booster": false,
      "optional": true
    }
  },
  "speedBoost": 4,
  "hasBoost": false,
  "speedBoostPhase": 0,
  "requirements": [
    "lead/800",
    "silicon/740",
    "graphite/600",
    "plastanium/540",
    "phase-fabric/360",
    "titanium/800",
    "surge-alloy/300"
  ],
  "category": "effect",
  "research": {
    "parent": "overdrive-dome",
    "objectives": [
      {
        "type": "SectorComplete",
        "preset": "desolateRift"
      }
    ]
  }
}
