{
  "type": "ForceProjector",
  "scaledHealth": 80,
  "shieldHealth": 5000,
  "size": 4,
  "sides": 8,
  "shieldRotation": 22.5,
  "liquidCapacity": 30,
  "itemCapacity": 20,
  "hasPower": true,
  "hasItems": true,
  "canOverdrive": true,
  "phaseUseTime": 410,
  "solid": true,
  "radius": 204,
  "cooldownNormal": 2,
  "cooldownLiquid": 1,
  "cooldownBrokenBase": 1.75,
  "consumes": {
    "power": 14,
    "items": {
      "items": ["silicon/2"],
      "optional": false
    }
  },
  "requirements": [
    "titanium/400",
    "silicon/320",
    "plastanium/280",
    "phase-fabric/140"
  ],
  "category": "effect",
  "research": "force-projector"
}
