{
  "flying": true,
  "mineSpeed": 12,
  "defaultController": "BuilderAI",
  "mineTier": 4,
  "speed": 4.05,
  "accel": 0.025,
  "lowAltitude": true,
  "faceTarget": false,
  "drag": 0.02,
  "itemCapacity": 120,
  "health": 320,
  "fogRadius": 0,
  "rotateSpeed": 6,
  "armor": 2,
  "buildSpeed": 1.3,
  "engineOffset": 10,
  "hitSize": 18,
  "engineSize": 6,
  "weapons": [
    {
      "name": "a-upsilon-weapon1",
      "reload": 35,
      "mirror": true,
      "rotate": true,
      "x": -7.25,
      "y": 2,
      "top": true,
      "shoot": {
        "type": "shootPattern",
        "shots": 3,
        "shotDelay": 3
      },
      "shootY": 2,
      "ejectEffect": "casing3",
      "bullet": {
        "type": "BasicBulletType",
        "homingPower": 0.08,
        "homingRange": 80,
        "damage": 8,
        "pierceArmor": true,
        "speed": 5,
        "width": 8,
        "height": 13,
        "shootEffect": "shootSmall",
        "smokeEffect": "shootSmallSmoke",
        "buildingDamageMultiplier": 0.01,
        "lifetime": 64
      }
    },
    {
      "name": "a-upsilon-weapon2",
      "reload": 48,
      "top": true,
      "mirror": false,
      "rotate": true,
      "rotateSpeed": 4,
      "inaccuracy": 24,
      "shootCone": 30,
      "x": 0,
      "y": -1.9,
      "shoot": {
        "type": "shootPattern",
        "shots": 3,
        "shotDelay": 6
      },
      "shootY": 3,
      "ejectEffect": "none",
      "shootSound": "missile",
      "bullet": {
        "type": "MissileBulletType",
        "homingPower": 0.12,
        "homingRange": 48,
        "weaveScale": 7,
        "weaveMag": 1.2,
        "damage": 10,
        "splashDamage": 14,
        "splashDamageRadius": 22,
        "speed": 4,
        "width": 8,
        "height": 8,
        "lifetime": 60,
        "frontColor": "fff8e8",
        "backColor": "f9c27a",
        "trailColor": "ffb855",
        "hitEffect": "blastExplosion",
        "despawnEffect": "blastExplosion",
        "buildingDamageMultiplier": 0.01,
        "shootEffect": "shootBig",
        "smokeEffect": "shootSmallSmoke"
      }
    }
  ]
}
