{
  "type": "ConsumeGenerator",
  "size": 3,
  "scaledHealth": 85,
  "baseExplosiveness": 18,
  "powerProduction": 9.3,
  "drawer": {
    "type": "DrawMulti",
    "drawers": [
      {
        "type": "DrawDefault"
      },
      {
        "type": "DrawWarmupRegion"
      }
    ]
  },
  "hasItems": true,
  "itemCapacity": 30,
  "itemDuration": 424,
  "consumes": {
    "itemRadioactive": {}
  },
  "requirements": [
    "lead/160",
    "silicon/200",
    "plastanium/120",
    "thorium/100",
    "phase-fabric/40"
  ],
  "category": "power",
  "research": {
    "parent": "rtg-generator",
    "objectives": ["thorium-reactor"]
  },
  "loopSound": "hum",
  "ambientSound": "machine",
  "loopSoundVolume": 0.5,
  "ambientSoundVolume": 0.25
}
