{
  "type": "NuclearReactor",
  "scaledHealth": 140,
  "itemCapacity": 60,
  "liquidCapacity": 96,
  "size": 4,
  "ambientSound": "hum",
  "ambientSoundVolume": 0.35,
  "explosionRadius": 12,
  "explosionDamage": 2400,
  "hasLiquids": true,
  "powerProduction": 42,
  "itemDuration": 300,
  "heating": 0.02,
  "consumes": {
    "items": ["thorium/2"],
    "liquid": {
      "liquid": "cryofluid",
      "amount": 0.07
    }
  },
  "requirements": [
    "lead/400",
    "silicon/300",
    "metaglass/270",
    "thorium/300",
    "plastanium/240",
    "surge-alloy/80"
  ],
  "category": "power",
  "research": "thorium-reactor"
}
